access_to,agent_webid
product-10001,http://localhost:3000/user1/profile/card#me
product-10002,http://localhost:3000/user1/profile/card#me
product-10003,http://localhost:3000/user1/profile/card#me
product-10004,http://localhost:3000/user1/profile/card#me
product-10005,http://localhost:3000/user1/profile/card#me
product-10006,http://localhost:3000/user1/profile/card#me
product-10007,http://localhost:3000/user1/profile/card#me
product-10008,http://localhost:3000/user1/profile/card#me
product-10009,http://localhost:3000/user1/profile/card#me
product-10010,http://localhost:3000/user1/profile/card#me
product-10011,http://localhost:3000/user2/profile/card#me
product-10012,http://localhost:3000/user2/profile/card#me
product-10013,http://localhost:3000/user2/profile/card#me
product-10014,http://localhost:3000/user2/profile/card#me
product-10015,http://localhost:3000/user2/profile/card#me
product-10016,http://localhost:3000/user2/profile/card#me
product-10017,http://localhost:3000/user2/profile/card#me
product-10018,http://localhost:3000/user2/profile/card#me
product-10019,http://localhost:3000/user2/profile/card#me
product-10020,http://localhost:3000/user2/profile/card#me
product-10006,http://localhost:3000/user3/profile/card#me
product-10007,http://localhost:3000/user3/profile/card#me
product-10008,http://localhost:3000/user3/profile/card#me
product-10009,http://localhost:3000/user3/profile/card#me
product-10010,http://localhost:3000/user3/profile/card#me
product-10011,http://localhost:3000/user3/profile/card#me
product-10012,http://localhost:3000/user3/profile/card#me
product-10013,http://localhost:3000/user3/profile/card#me
product-10014,http://localhost:3000/user3/profile/card#me
product-10015,http://localhost:3000/user3/profile/card#me
product-10001-1,http://localhost:3000/user4/profile/card#me
product-10002-1,http://localhost:3000/user4/profile/card#me
product-10003-1,http://localhost:3000/user4/profile/card#me
product-10004-1,http://localhost:3000/user4/profile/card#me
product-10005-1,http://localhost:3000/user4/profile/card#me
product-10006-1,http://localhost:3000/user4/profile/card#me
product-10007-1,http://localhost:3000/user4/profile/card#me
product-10008-1,http://localhost:3000/user4/profile/card#me
product-10009-1,http://localhost:3000/user4/profile/card#me
product-10010-1,http://localhost:3000/user4/profile/card#me
product-10011-2,http://localhost:3000/user5/profile/card#me
product-10012-2,http://localhost:3000/user5/profile/card#me
product-10013-2,http://localhost:3000/user5/profile/card#me
product-10014-2,http://localhost:3000/user5/profile/card#me
product-10015-2,http://localhost:3000/user5/profile/card#me
product-10016-2,http://localhost:3000/user5/profile/card#me
product-10017-2,http://localhost:3000/user5/profile/card#me
product-10018-2,http://localhost:3000/user5/profile/card#me
product-10019-2,http://localhost:3000/user5/profile/card#me
product-10020-2,http://localhost:3000/user5/profile/card#me
products-a,http://localhost:3000/user6/profile/card#me
products-b,http://localhost:3000/user7/profile/card#me
product-10001-a,http://localhost:3000/user8/profile/card#me
product-10002-a,http://localhost:3000/user8/profile/card#me
product-10003-a,http://localhost:3000/user8/profile/card#me
product-10004-a,http://localhost:3000/user8/profile/card#me
product-10005-a,http://localhost:3000/user8/profile/card#me
product-10011-b,http://localhost:3000/user9/profile/card#me
product-10012-b,http://localhost:3000/user9/profile/card#me
product-10013-b,http://localhost:3000/user9/profile/card#me
product-10014-b,http://localhost:3000/user9/profile/card#me
product-10015-b,http://localhost:3000/user9/profile/card#me
